{
   "chartData":{
      "main":[
         [
            1527811200000,
            68.340000000000003
         ],
         [
            1530403200000,
            72.600000000000009
         ],
         [
            1533081600000,
            76.799999999999997
         ],
         [
            1535760000000,
            69.430000000000007
         ],
         [
            1538352000000,
            68.640000000000001
         ],
         [
            1541030400000,
            66.299999999999997
         ],
         [
            1543622400000,
            71.120000000000005
         ],
         [
            1546300800000,
            71.680000000000007
         ],
         [
            1548979200000,
            72.240000000000009
         ],
         [
            1551398400000,
            73.359999999999999
         ],
         [
            1554076800000,
            74.670000000000002
         ],
         [
            1556668800000,
            74.100000000000009
         ],
         [
            1559347200000,
            72.390000000000001
         ],
         [
            1561939200000,
            78.120000000000005
         ],
         [
            1564617600000,
            82.280000000000001
         ],
         [
            1567296000000,
            81.179999999999993
         ],
         [
            1569888000000,
            82.549999999999997
         ],
         [
            1572566400000,
            92.879999999999995
         ],
         [
            1575158400000,
            93.100000000000009
         ],
         [
            1577836800000,
            93.600000000000009
         ],
         [
            1580515200000,
            78
         ],
         [
            1583020800000,
            80.640000000000001
         ],
         [
            1585699200000,
            93.75
         ],
         [
            1588291200000,
            73.799999999999997
         ]
      ],
      "bm":[
         [
            1527811200000,
            50.920000000000002
         ],
         [
            1530403200000,
            50.160000000000004
         ],
         [
            1533081600000,
            52.480000000000004
         ],
         [
            1535760000000,
            48.469999999999999
         ],
         [
            1538352000000,
            48.840000000000003
         ],
         [
            1541030400000,
            44.200000000000003
         ],
         [
            1543622400000,
            44.450000000000003
         ],
         [
            1546300800000,
            48.640000000000001
         ],
         [
            1548979200000,
            49.020000000000003
         ],
         [
            1551398400000,
            49.780000000000001
         ],
         [
            1554076800000,
            49.780000000000001
         ],
         [
            1556668800000,
            49.399999999999999
         ],
         [
            1559347200000,
            52.07
         ],
         [
            1561939200000,
            56.700000000000003
         ],
         [
            1564617600000,
            55.659999999999997
         ],
         [
            1567296000000,
            51.659999999999997
         ],
         [
            1569888000000,
            49.530000000000001
         ],
         [
            1572566400000,
            49.020000000000003
         ],
         [
            1575158400000,
            49.210000000000001
         ],
         [
            1577836800000,
            46.800000000000004
         ],
         [
            1580515200000,
            50.700000000000003
         ],
         [
            1583020800000,
            52.480000000000004
         ],
         [
            1585699200000,
            47.5
         ],
         [
            1588291200000,
            47.969999999999999
         ]
      ],
      "currencySymbol":"$",
      "lineType":"line",
      "recMin":44.200000000000003,
      "recMax":93.75,
      "colour":"#0b7222",
      "axisTitle":"Price",
      "tooltip":"average price",
      "dataFor":"ph",
      "noBenchmark":false
   },
   "isMobile":false,
   "showChart":true
}